seed_index,seed,avg_score,max_score,min_score,avg_steps,self_collision_rate,wall_collision_rate,timeout_rate,override_rate,safety_filter
0,3000,24.94,61,3,473.33,73.0,7.000000000000001,20.0,0.0,False
1,4000,26.05,43,6,474.41,80.0,6.0,14.000000000000002,0.0,False
2,5000,25.37,50,1,471.93,78.0,6.0,16.0,0.0,False
3,6000,26.07,56,3,481.43,79.0,7.000000000000001,14.000000000000002,0.0,False
4,7000,25.28,53,1,460.89,79.0,6.0,15.0,0.0,False
