seed_index,seed,avg_score,max_score,min_score,avg_steps,self_collision_rate,wall_collision_rate,timeout_rate,override_rate,safety_filter
0,3000,3.46,25,1,178.88,0.0,1.0,99.0,36.597909329755716,True
1,4000,3.22,33,1,176.46,0.0,0.0,100.0,40.15074237787601,True
2,5000,3.22,27,1,171.19,1.0,0.0,99.0,42.132009345794394,True
3,6000,3.64,35,1,189.87,0.0,0.0,100.0,36.87786380154843,True
4,7000,3.02,15,1,168.73,1.0,0.0,99.0,40.16237999288847,True
