epoch,loss,accuracy
1,0.278671,90.02
2,0.011169,99.75
3,0.004286,99.9
4,0.002951,99.92
5,0.002314,99.92
